<?xml version = '1.0' encoding = 'UTF-8'?>
<FKIndexAssociation class="oracle.dbtools.crest.model.design.relational.FKIndexAssociation" directorySegmentName="seg_0" id="4809A1A3-2FAF-4363-3DA1-BCF652783F97" containerWithKeyObject="4C7BA6EA-38C2-C968-4767-206BB7ADCA75" localFKIndex="F5746CD8-1F8F-27E4-D7D0-1CC28E397F63" name="FK_AISB_RECOMENDACAO_USUARIO">
<createdBy>luizz</createdBy>
<createdTime>2023-04-07 03:08:33 UTC</createdTime>
<generatorID>7CA1C80D-571E-298B-7B8C-B69EBC5A2C54</generatorID>
<ownerDesignName>modelo_logico</ownerDesignName>
<referredTableLongName>T_AISB_USUARIO</referredTableLongName>
<deleteRule>NO ACTION</deleteRule>
<referredTableID>6E0D5BD7-8B80-7B74-DE3E-30258E69EE9A</referredTableID>
<keyObject>742B07E2-33D4-4B56-B97E-CA65365EB98F</keyObject>
<referredKeyID>742B07E2-33D4-4B56-B97E-CA65365EB98F</referredKeyID>
<mandatory>true</mandatory>
<refColNames>cd_usuario</refColNames>
<transferable>true</transferable>
<rely>false</rely>
<columnDependencyConstraintGenerateInDDL>true</columnDependencyConstraintGenerateInDDL>
</FKIndexAssociation>
