<?xml version = '1.0' encoding = 'UTF-8'?>
<Table class="oracle.dbtools.crest.model.design.relational.Table" directorySegmentName="seg_0" id="1600C348-04E4-DEEC-E2EA-33276DB0D008" name="T_AISB_TRANSACAO">
<createdBy>luizz</createdBy>
<createdTime>2023-04-07 03:08:33 UTC</createdTime>
<generatorID>53844773-B958-F983-03E4-0CD355236EA0</generatorID>
<ownerDesignName>ModeloLogico</ownerDesignName>
<ordsAlias>t_aisb_transacoes</ordsAlias>
<allowColumnReorder>false</allowColumnReorder>
<existDependencyGenerateInDDl>true</existDependencyGenerateInDDl>
<parsed>true</parsed>
<columns itemClass="oracle.dbtools.crest.model.design.relational.Column">
<Column name="cd_transacao" id="EF1B5287-4621-7F62-F60F-53938A91022F">
<createdBy>luizz</createdBy>
<createdTime>2023-04-07 03:08:33 UTC</createdTime>
<generatorID>A3895FCC-C8FB-72BA-39D3-2FB5B8CD598F</generatorID>
<ownerDesignName>ModeloLogico</ownerDesignName>
<useDomainConstraints>false</useDomainConstraints>
<use>1</use>
<logicalDatatype>LOGDT019</logicalDatatype>
<dataTypePrecision>6</dataTypePrecision>
<ownDataTypeParameters>,6,</ownDataTypeParameters>
<autoIncrementCycle>false</autoIncrementCycle>
</Column>
<Column name="cd_usuario" id="27CD77F3-8D24-13BB-2412-D1C389EECA24">
<createdBy>luizz</createdBy>
<createdTime>2023-04-07 03:08:33 UTC</createdTime>
<generatorID>B0F671A9-84CA-5348-8A3A-FA041FF76D1A</generatorID>
<ownerDesignName>ModeloLogico</ownerDesignName>
<useDomainConstraints>false</useDomainConstraints>
<use>1</use>
<logicalDatatype>LOGDT019</logicalDatatype>
<dataTypePrecision>6</dataTypePrecision>
<ownDataTypeParameters>,6,</ownDataTypeParameters>
<previousColumn>false</previousColumn>
<autoIncrementCycle>false</autoIncrementCycle>
<associations>
<colAssociation fkAssociation="2E6AF3DC-32DD-14EE-6B19-FD9E89D8546B" referredColumn="1EBCE6E5-F6B2-6C82-E277-D3E7DA9990E3"/>
</associations>
</Column>
<Column name="cd_parceiro" id="EACE574B-E5E1-3FF7-2DD9-FADAC76A4C4B">
<createdBy>luizz</createdBy>
<createdTime>2023-04-07 03:08:33 UTC</createdTime>
<generatorID>4677AEC2-F2B7-ABF8-F7FB-FCD0268AF724</generatorID>
<ownerDesignName>ModeloLogico</ownerDesignName>
<useDomainConstraints>false</useDomainConstraints>
<use>1</use>
<logicalDatatype>LOGDT019</logicalDatatype>
<dataTypePrecision>3</dataTypePrecision>
<ownDataTypeParameters>,3,</ownDataTypeParameters>
<previousColumn>false</previousColumn>
<autoIncrementCycle>false</autoIncrementCycle>
<associations>
<colAssociation fkAssociation="9445B8AE-EEB2-6869-51E7-8CC6FC6FD7F7" referredColumn="7E4A2AE6-B15C-4DB9-48E7-627F246D697F"/>
</associations>
</Column>
<Column name="cd_produto" id="56C81027-6D0D-024F-8C25-996F0CC1D00B">
<createdBy>luizz</createdBy>
<createdTime>2023-04-07 03:08:33 UTC</createdTime>
<generatorID>255BE24F-590C-CBDF-E51E-B2E4459FA224</generatorID>
<ownerDesignName>ModeloLogico</ownerDesignName>
<useDomainConstraints>false</useDomainConstraints>
<use>1</use>
<logicalDatatype>LOGDT019</logicalDatatype>
<dataTypePrecision>10</dataTypePrecision>
<ownDataTypeParameters>,10,</ownDataTypeParameters>
<previousColumn>false</previousColumn>
<autoIncrementCycle>false</autoIncrementCycle>
<associations>
<colAssociation fkAssociation="91D448D0-51F7-F8E6-DCDC-A62B4195F244" referredColumn="2A422D0E-DE57-2AAB-3016-14F743A9DC02"/>
</associations>
</Column>
<Column name="st_cancelado" id="75625BBC-83F7-976D-821E-D3E1FBE67433">
<createdBy>luizz</createdBy>
<createdTime>2023-04-07 03:08:33 UTC</createdTime>
<generatorID>0CA980B3-5870-CF8C-F9DC-019E044AA317</generatorID>
<ownerDesignName>ModeloLogico</ownerDesignName>
<useDomainConstraints>false</useDomainConstraints>
<use>1</use>
<logicalDatatype>LOGDT019</logicalDatatype>
<dataTypePrecision>1</dataTypePrecision>
<ownDataTypeParameters>,1,</ownDataTypeParameters>
<autoIncrementCycle>false</autoIncrementCycle>
</Column>
<Column name="vl_total" id="AFC74432-E2AC-8A3A-A999-8A931E7D4BA4">
<createdBy>luizz</createdBy>
<createdTime>2023-04-07 03:08:33 UTC</createdTime>
<generatorID>3AA7E151-DEFC-189F-10B7-4D4001F1A33D</generatorID>
<ownerDesignName>ModeloLogico</ownerDesignName>
<nullsAllowed>true</nullsAllowed>
<useDomainConstraints>false</useDomainConstraints>
<use>1</use>
<logicalDatatype>LOGDT019</logicalDatatype>
<dataTypePrecision>10</dataTypePrecision>
<dataTypeScale>2</dataTypeScale>
<ownDataTypeParameters>,10,2</ownDataTypeParameters>
<autoIncrementCycle>false</autoIncrementCycle>
</Column>
<Column name="nr_cep_estabelecimento" id="00041DB0-40BD-7347-3F19-5243C36D2DB8">
<createdBy>luizz</createdBy>
<createdTime>2023-04-07 03:08:33 UTC</createdTime>
<generatorID>6E43596C-D783-FA6D-F02C-A987F0015ECA</generatorID>
<ownerDesignName>ModeloLogico</ownerDesignName>
<nullsAllowed>true</nullsAllowed>
<useDomainConstraints>false</useDomainConstraints>
<use>1</use>
<logicalDatatype>LOGDT019</logicalDatatype>
<dataTypePrecision>8</dataTypePrecision>
<ownDataTypeParameters>,8,</ownDataTypeParameters>
<autoIncrementCycle>false</autoIncrementCycle>
</Column>
<Column name="dt_transacao" id="C8394E67-27A0-159B-F069-FFBB92DA4688">
<createdBy>luizz</createdBy>
<createdTime>2023-04-07 03:08:33 UTC</createdTime>
<generatorID>EC8F6252-2D3A-D69D-06D3-105DB813AAFF</generatorID>
<ownerDesignName>ModeloLogico</ownerDesignName>
<useDomainConstraints>false</useDomainConstraints>
<use>1</use>
<logicalDatatype>LOGDT007</logicalDatatype>
<ownDataTypeParameters>,,</ownDataTypeParameters>
<autoIncrementCycle>false</autoIncrementCycle>
</Column>
</columns>
<indexes itemClass="oracle.dbtools.crest.model.design.relational.Index">
<ind_PK_UK id="5249E793-740A-9C40-969B-6D89618B7F37" name="PK_AISB_TRANSACAO">
<createdBy>luizz</createdBy>
<createdTime>2023-04-07 03:08:33 UTC</createdTime>
<generatorID>98FD22BE-F1A5-851E-DD5E-8F137B1FB424</generatorID>
<ownerDesignName>ModeloLogico</ownerDesignName>
<pk>true</pk>
<indexState>Primary Constraint</indexState>
<isSurrogateKey>false</isSurrogateKey>
<indexColumnUsage>
<colUsage columnID="EF1B5287-4621-7F62-F60F-53938A91022F"/>
</indexColumnUsage>
</ind_PK_UK>
<ind_PK_UK id="F586A2F0-C3CD-B7B9-CA3D-035FF3B1393B" name="FK_AISB_TRANSACAO_USUARIO">
<createdBy>luizz</createdBy>
<createdTime>2023-04-07 03:08:33 UTC</createdTime>
<generatorID>25012725-0E7D-AA1C-67C0-1419D99FE7F3</generatorID>
<ownerDesignName>ModeloLogico</ownerDesignName>
<indexState>Foreign Key</indexState>
<isSurrogateKey>false</isSurrogateKey>
<indexColumnUsage>
<colUsage columnID="27CD77F3-8D24-13BB-2412-D1C389EECA24"/>
</indexColumnUsage>
</ind_PK_UK>
<ind_PK_UK id="D6A07A36-7C62-4181-E37A-88ECAD19A2E7" name="FK_AISB_TRANSACAO_PARCEIRO_NEGOCIO">
<createdBy>luizz</createdBy>
<createdTime>2023-04-07 03:08:33 UTC</createdTime>
<generatorID>22141C27-1FCD-AAAA-5C73-035931866565</generatorID>
<ownerDesignName>ModeloLogico</ownerDesignName>
<indexState>Foreign Key</indexState>
<isSurrogateKey>false</isSurrogateKey>
<indexColumnUsage>
<colUsage columnID="EACE574B-E5E1-3FF7-2DD9-FADAC76A4C4B"/>
</indexColumnUsage>
</ind_PK_UK>
<ind_PK_UK id="3FB9FD78-F8F2-35DB-EC22-0F03C6FEE1D1" name="FK_AISB_TRANSACAO_PRODUTO">
<createdBy>luizz</createdBy>
<createdTime>2023-04-07 03:08:33 UTC</createdTime>
<generatorID>D9471DA3-1FF0-7367-8934-B5C827E16AA8</generatorID>
<ownerDesignName>ModeloLogico</ownerDesignName>
<indexState>Foreign Key</indexState>
<isSurrogateKey>false</isSurrogateKey>
<indexColumnUsage>
<colUsage columnID="56C81027-6D0D-024F-8C25-996F0CC1D00B"/>
</indexColumnUsage>
</ind_PK_UK>
</indexes>
</Table>
