<?xml version = '1.0' encoding = 'UTF-8'?>
<FKIndexAssociation class="oracle.dbtools.crest.model.design.relational.FKIndexAssociation" directorySegmentName="seg_0" id="B98CAF3D-C621-3AD3-0319-57D05B68F94C" containerWithKeyObject="4673561B-611F-57AF-0B99-61D90914F92B" localFKIndex="C9F984F4-2A60-D2FF-9C4C-79C2B0E622E8" name="FK_AISB_FUNCIONARIO_PARCEIRO_NEGOCIO">
<createdBy>logonrmlocal</createdBy>
<createdTime>2023-04-27 11:20:36 UTC</createdTime>
<generatorID>4818BA3C-550E-0A3B-7223-2B5D484AE734</generatorID>
<ownerDesignName>ModeloRelacional</ownerDesignName>
<referredTableLongName>T_AISB_PARCEIRO_NEGOCIO</referredTableLongName>
<deleteRule>NO ACTION</deleteRule>
<referredTableID>F12F6F33-A3FC-CD3B-1424-0215AB2CD96D</referredTableID>
<keyObject>B0D4831B-6E45-7EC1-0BF4-78EB0960B7CA</keyObject>
<referredKeyID>B0D4831B-6E45-7EC1-0BF4-78EB0960B7CA</referredKeyID>
<mandatory>true</mandatory>
<refColNames>cd_parceiro</refColNames>
<transferable>true</transferable>
<rely>false</rely>
<columnDependencyConstraintGenerateInDDL>true</columnDependencyConstraintGenerateInDDL>
</FKIndexAssociation>
