<?xml version = '1.0' encoding = 'UTF-8'?>
<Table class="oracle.dbtools.crest.model.design.relational.Table" directorySegmentName="seg_0" id="4673561B-611F-57AF-0B99-61D90914F92B" name="T_AISB_FUNCIONARIO">
<createdBy>logonrmlocal</createdBy>
<createdTime>2023-04-27 11:20:36 UTC</createdTime>
<generatorID>7D104E7C-5A75-7F5E-03D7-3C855E1C41D2</generatorID>
<ownerDesignName>ModeloLogico</ownerDesignName>
<allowColumnReorder>false</allowColumnReorder>
<existDependencyGenerateInDDl>true</existDependencyGenerateInDDl>
<parsed>true</parsed>
<columns itemClass="oracle.dbtools.crest.model.design.relational.Column">
<Column name="cd_funcionario" id="3B54019B-16EF-0D8E-583A-F3D9DA545935">
<createdBy>logonrmlocal</createdBy>
<createdTime>2023-04-27 11:20:36 UTC</createdTime>
<generatorID>880F8902-9107-740B-9547-F79967B96C37</generatorID>
<ownerDesignName>ModeloLogico</ownerDesignName>
<useDomainConstraints>false</useDomainConstraints>
<use>1</use>
<logicalDatatype>LOGDT019</logicalDatatype>
<dataTypePrecision>4</dataTypePrecision>
<ownDataTypeParameters>,4,</ownDataTypeParameters>
<autoIncrementCycle>false</autoIncrementCycle>
</Column>
<Column name="cd_parceiro" id="BF32DE96-5A90-ACA6-C2B4-C051275077AE">
<createdBy>logonrmlocal</createdBy>
<createdTime>2023-04-27 11:20:36 UTC</createdTime>
<generatorID>3C7E6F0D-5A49-0166-3003-E0554026868C</generatorID>
<ownerDesignName>ModeloLogico</ownerDesignName>
<useDomainConstraints>false</useDomainConstraints>
<use>1</use>
<logicalDatatype>LOGDT019</logicalDatatype>
<dataTypePrecision>3</dataTypePrecision>
<ownDataTypeParameters>,,</ownDataTypeParameters>
<previousColumn>false</previousColumn>
<autoIncrementCycle>false</autoIncrementCycle>
<associations>
<colAssociation fkAssociation="B98CAF3D-C621-3AD3-0319-57D05B68F94C" referredColumn="7E4A2AE6-B15C-4DB9-48E7-627F246D697F"/>
</associations>
</Column>
<Column name="nm_funcionario" id="5E02E907-F0E3-A615-942B-E9F0F8F5DB4E">
<createdBy>logonrmlocal</createdBy>
<createdTime>2023-04-27 11:20:36 UTC</createdTime>
<generatorID>3DA0F088-DA68-F3F0-3215-7CD79227E2A0</generatorID>
<ownerDesignName>ModeloLogico</ownerDesignName>
<useDomainConstraints>false</useDomainConstraints>
<use>1</use>
<logicalDatatype>LOGDT024</logicalDatatype>
<dataTypeSize>50</dataTypeSize>
<ownDataTypeParameters>50,,</ownDataTypeParameters>
<autoIncrementCycle>false</autoIncrementCycle>
</Column>
<Column name="ds_email" id="A2D8E972-EF5B-D30C-399A-EFB86E72D153">
<createdBy>logonrmlocal</createdBy>
<createdTime>2023-04-27 11:20:36 UTC</createdTime>
<generatorID>D6992ADD-BC15-7F2E-D87C-D9CBCB4FB4A4</generatorID>
<ownerDesignName>ModeloLogico</ownerDesignName>
<useDomainConstraints>false</useDomainConstraints>
<use>1</use>
<logicalDatatype>LOGDT024</logicalDatatype>
<dataTypeSize>50</dataTypeSize>
<ownDataTypeParameters>50,,</ownDataTypeParameters>
<autoIncrementCycle>false</autoIncrementCycle>
</Column>
<Column name="ds_senha" id="2279ECD8-1283-6C5D-E984-7E2F534C065C">
<createdBy>luizz</createdBy>
<createdTime>2023-09-11 16:52:05 UTC</createdTime>
<ownerDesignName>ModeloLogico</ownerDesignName>
<useDomainConstraints>false</useDomainConstraints>
<use>1</use>
<logicalDatatype>LOGDT024</logicalDatatype>
<dataTypeSize>25</dataTypeSize>
<ownDataTypeParameters>25,,</ownDataTypeParameters>
<autoIncrementCycle>false</autoIncrementCycle>
</Column>
</columns>
<indexes itemClass="oracle.dbtools.crest.model.design.relational.Index">
<ind_PK_UK id="6BE4FB1F-079F-6976-F9F6-01A900EA00C4" name="PK_AISB_FUNCIONARIO">
<createdBy>logonrmlocal</createdBy>
<createdTime>2023-04-27 11:20:36 UTC</createdTime>
<generatorID>8C256C59-C1F6-C874-1165-043DA9324EA0</generatorID>
<ownerDesignName>ModeloLogico</ownerDesignName>
<pk>true</pk>
<indexState>Primary Constraint</indexState>
<isSurrogateKey>false</isSurrogateKey>
<indexColumnUsage>
<colUsage columnID="3B54019B-16EF-0D8E-583A-F3D9DA545935"/>
</indexColumnUsage>
</ind_PK_UK>
<ind_PK_UK id="C9F984F4-2A60-D2FF-9C4C-79C2B0E622E8" name="FK_AISB_FUNCIONARIO_PARCEIRO_NEGOCIO">
<createdBy>logonrmlocal</createdBy>
<createdTime>2023-04-27 11:20:36 UTC</createdTime>
<generatorID>4818BA3C-550E-0A3B-7223-2B5D484AE734</generatorID>
<ownerDesignName>ModeloLogico</ownerDesignName>
<indexState>Foreign Key</indexState>
<isSurrogateKey>false</isSurrogateKey>
<indexColumnUsage>
<colUsage columnID="BF32DE96-5A90-ACA6-C2B4-C051275077AE"/>
</indexColumnUsage>
</ind_PK_UK>
</indexes>
</Table>
