<?xml version = '1.0' encoding = 'UTF-8'?>
<Relation class="oracle.dbtools.crest.model.design.logical.Relation" name="FAZER" directorySegmentName="seg_0" id="25012725-0E7D-AA1C-67C0-1419D99FE7F3">
<createdBy>luizz</createdBy>
<createdTime>2023-04-07 02:51:19 UTC</createdTime>
<ownerDesignName>modelo_logico</ownerDesignName>
<engineerTo>
<item key="F39B86DE-E2DD-AEFA-0D83-FC4AE2CE4686" value="true"/>
</engineerTo>
<sourcePk>F0F808A2-4676-7537-3C42-8B670BDBE80B</sourcePk>
<identifying>false</identifying>
<optionalSource>true</optionalSource>
<optionalTarget>false</optionalTarget>
<sourceCardinality>1</sourceCardinality>
<sourceEntity>2D909068-8821-DB16-1936-F69100C47086</sourceEntity>
<targetCardinalityString>*</targetCardinalityString>
<targetEntity>53844773-B958-F983-03E4-0CD355236EA0</targetEntity>
<transferable>true</transferable>
<deleteRule>NO ACTION</deleteRule>
</Relation>
