<?xml version = '1.0' encoding = 'UTF-8'?>
<Entity class="oracle.dbtools.crest.model.design.logical.Entity" directorySegmentName="seg_0" id="DBB9C30B-CC3A-2ED2-BAF2-DE22B6E98BCD" name="T_AISB_RECOMENDACAO">
<createdBy>luizz</createdBy>
<createdTime>2023-04-07 02:53:09 UTC</createdTime>
<ownerDesignName>modelo_logico</ownerDesignName>
<engineerTo>
<item key="F39B86DE-E2DD-AEFA-0D83-FC4AE2CE4686" value="true"/>
</engineerTo>
<adequatelyNormalized>NO</adequatelyNormalized>
<expectedVolumes>0</expectedVolumes>
<fwdEngineeringStrategyName>Single Table</fwdEngineeringStrategyName>
<growthPercent>0</growthPercent>
<growthType>Year</growthType>
<maxVolumes>9999999</maxVolumes>
<minVolumes>0</minVolumes>
<normalForm>Third</normalForm>
<attributes itemClass="oracle.dbtools.crest.model.design.logical.Attribute">
<Attribute name="cd_recomendacao" id="FE31DA4D-ADCC-9F78-72BB-D207A8F08637">
<createdBy>luizz</createdBy>
<createdTime>2023-04-07 02:53:20 UTC</createdTime>
<ownerDesignName>modelo_logico</ownerDesignName>
<engineerTo>
<item key="F39B86DE-E2DD-AEFA-0D83-FC4AE2CE4686" value="true"/>
</engineerTo>
<useDomainConstraints>false</useDomainConstraints>
<use>1</use>
<logicalDatatype>LOGDT019</logicalDatatype>
<dataTypePrecision>6</dataTypePrecision>
<ownDataTypeParameters>,6,</ownDataTypeParameters>
</Attribute>
<Attribute name="cd_usuario" id="331B00E0-DA4F-C600-0DAF-C8A7AFDAFD24">
<createdBy>luizz</createdBy>
<createdTime>2023-04-07 03:02:23 UTC</createdTime>
<generatorID>7CA1C80D-571E-298B-7B8C-B69EBC5A2C54</generatorID>
<ownerDesignName>modelo_logico</ownerDesignName>
<engineerTo>
<item key="F39B86DE-E2DD-AEFA-0D83-FC4AE2CE4686" value="true"/>
</engineerTo>
<referedAttribute>EEBB5565-146D-F3E3-89C7-56DA23FCF70C</referedAttribute>
<useDomainConstraints>false</useDomainConstraints>
<use>1</use>
<logicalDatatype>LOGDT019</logicalDatatype>
<dataTypePrecision>6</dataTypePrecision>
<ownDataTypeParameters>,6,</ownDataTypeParameters>
</Attribute>
<Attribute name="dt_mensgaem" id="93F399FE-D2E9-707C-0250-0AA80BBABEFF">
<createdBy>luizz</createdBy>
<createdTime>2023-04-07 02:53:37 UTC</createdTime>
<ownerDesignName>modelo_logico</ownerDesignName>
<engineerTo>
<item key="F39B86DE-E2DD-AEFA-0D83-FC4AE2CE4686" value="true"/>
</engineerTo>
<useDomainConstraints>false</useDomainConstraints>
<use>1</use>
<logicalDatatype>LOGDT007</logicalDatatype>
<ownDataTypeParameters>,,</ownDataTypeParameters>
</Attribute>
<Attribute name="ds_mensagem_recomendacao" id="2AD500D7-653A-0776-2F56-487BB252FD3C">
<createdBy>luizz</createdBy>
<createdTime>2023-04-08 02:36:51 UTC</createdTime>
<ownerDesignName>modelo_logico</ownerDesignName>
<engineerTo>
<item key="F39B86DE-E2DD-AEFA-0D83-FC4AE2CE4686" value="true"/>
</engineerTo>
<useDomainConstraints>false</useDomainConstraints>
<use>1</use>
<logicalDatatype>LOGDT024</logicalDatatype>
<dataTypeSize>250</dataTypeSize>
<ownDataTypeParameters>250,,</ownDataTypeParameters>
</Attribute>
</attributes>
<identifiers itemClass="oracle.dbtools.crest.model.design.logical.CandidateKey">
<identifier id="499CECA7-84B7-4452-B5F4-29BB0DB9869D" name="PK_AISB_RECOMENDACAO">
<createdBy>luizz</createdBy>
<createdTime>2023-04-07 02:53:36 UTC</createdTime>
<ownerDesignName>modelo_logico</ownerDesignName>
<engineerTo>
<item key="F39B86DE-E2DD-AEFA-0D83-FC4AE2CE4686" value="true"/>
</engineerTo>
<pk>true</pk>
<newElementsIDs>FE31DA4D-ADCC-9F78-72BB-D207A8F08637</newElementsIDs>
<usedAttributes>
<attributeRef>FE31DA4D-ADCC-9F78-72BB-D207A8F08637</attributeRef>
</usedAttributes>
</identifier>
</identifiers>
</Entity>
