<?xml version = '1.0' encoding = 'UTF-8'?>
<relationalModel class="oracle.dbtools.crest.model.design.relational.RelationalDesign" name="Relational_1" id="F39B86DE-E2DD-AEFA-0D83-FC4AE2CE4686" mainViewID="2D30DC5A-71C5-CDA2-A60B-EFCECD2BB666">
<createdBy>luizz</createdBy>
<createdTime>2023-04-07 02:34:34 UTC</createdTime>
<ownerDesignName>moelo_logico</ownerDesignName>
<shouldBeOpen>true</shouldBeOpen>
<selectedRDBMSSite>32076570-2523-435C-2E92-BF29817DFF70</selectedRDBMSSite>
</relationalModel>