<?xml version = '1.0' encoding = 'UTF-8'?>
<Relation class="oracle.dbtools.crest.model.design.logical.Relation" name="TEMv1" directorySegmentName="seg_0" id="7CA1C80D-571E-298B-7B8C-B69EBC5A2C54">
<createdBy>luizz</createdBy>
<createdTime>2023-04-07 03:02:23 UTC</createdTime>
<ownerDesignName>Modelo_Relacional</ownerDesignName>
<engineerTo>
<item key="F39B86DE-E2DD-AEFA-0D83-FC4AE2CE4686" value="true"/>
</engineerTo>
<sourcePk>F0F808A2-4676-7537-3C42-8B670BDBE80B</sourcePk>
<identifying>false</identifying>
<optionalSource>true</optionalSource>
<optionalTarget>false</optionalTarget>
<sourceCardinality>1</sourceCardinality>
<sourceEntity>2D909068-8821-DB16-1936-F69100C47086</sourceEntity>
<targetCardinalityString>*</targetCardinalityString>
<targetEntity>DBB9C30B-CC3A-2ED2-BAF2-DE22B6E98BCD</targetEntity>
<transferable>true</transferable>
<deleteRule>NO ACTION</deleteRule>
</Relation>
