<?xml version = '1.0' encoding = 'UTF-8'?>
<Relation class="oracle.dbtools.crest.model.design.logical.Relation" name="TER" directorySegmentName="seg_0" id="22141C27-1FCD-AAAA-5C73-035931866565">
<createdBy>luizz</createdBy>
<createdTime>2023-04-07 02:50:52 UTC</createdTime>
<ownerDesignName>ModeloRelacional</ownerDesignName>
<engineerTo>
<item key="F39B86DE-E2DD-AEFA-0D83-FC4AE2CE4686" value="true"/>
</engineerTo>
<sourcePk>790F0528-78F0-A366-E3D7-FEA889C1CE52</sourcePk>
<identifying>false</identifying>
<optionalSource>true</optionalSource>
<optionalTarget>false</optionalTarget>
<sourceCardinality>1</sourceCardinality>
<sourceEntity>D58AEB3A-8C32-6BCA-D59B-EB318CDDD8DA</sourceEntity>
<targetCardinalityString>*</targetCardinalityString>
<targetEntity>53844773-B958-F983-03E4-0CD355236EA0</targetEntity>
<transferable>true</transferable>
<deleteRule>NO ACTION</deleteRule>
</Relation>
